"parola","data"
"Stoppaccioso","12/16/25"
"Filosofema","12/10/25"
"Squadernare","12/3/25"
"Proclive","11/29/25"
"Vetrame","11/24/25"
"Sintopico","11/23/25"
"Biofluido","11/22/25"
"Passivismo","11/20/25"
"Transazionalismo","11/20/25"
"Diaristica","11/19/25"
"Pristino","11/18/25"
"Ambulanziere","11/12/25"
"Carriolare","11/12/25"
"Divertevole","10/14/25"
"Nefario","10/7/25"
"gaglioffaggine","10/7/25"
"Tremido","10/2/25"
"Garruleria","10/1/25"
"canalicolo","10/1/25"
"Imbizione","9/30/25"
"Valevole","9/27/25"
"ingarzullire","9/21/25"
"Sbrecciare","9/20/25"
"principialismo","9/20/25"
"Intersezionalità","9/19/25"
"Quiescenza","9/17/25"
"salimerringiolsialità vertebrolarice mirselchiulin piestrigolosa verralciulidrine vielismerlet ghiorsinglieuliat biolieuvestrilli ghierselimastrilliucent mriolgilvielstrali eughieralicalsuimbs mrimbgelstruigliont iliogitriellimghiastrelli eugilier salimasilstrice eutrielibriolimbstrice limbstrigeurlizmiatriscerlantghioulir","9/17/25"
"Grandiloquenza","9/16/25"
"Laidume","9/1/25"
"Prevalicare","8/31/25"
"Contradictio in terminis","8/18/25"
"antistorico","8/17/25"
"concarnato","8/17/25"
"Trepido","8/5/25"
"silglieling glieuligo euliriesienlisico lirisinlieslico untshlizzierstrionzlir strionzliriglion mlesarinsciglierilsigliolsigliel siglierlaligine unsmierlatriuligine triuligerleziolinscegliaolineg firilsiurillige inleriuorarillige rarillergistrighionstriglierzluelir rarinlisghiorg gralinelscisghiorimlesineunliel unlielioscirliglezzirvierilugine vierilslirligine unleelioeladstrintp strintplerscigliongs plersciglastrigliolingsleerioulinegs ulinergsliglioligslegliauliotrinzbioli uliletrilziulsling leeriaelatrilsgnulig trilsgnulinluglia ulignerciarinlir rslinglierigeuliriensglang slirlinliesigeumlint mlintrilstrigealstriel lastriellagiurlan mlitrogliaiglirsiglieuriliermgiac nmlestriaulirgesiolimblezia ilirgisionligs ligssciarlengiulio umiersliriollitrielxl sirlesiringlioutrinscl legliailitrilsciorzligs trelscialinstresighioriglielinslirm slirmleutrigliont triglisceriglielinsceziolinzlid rinlesiuorilsgrinlice sgrinluir lisiceoliet liercisidreulslit lsiettrisligeuliet rslielstrasligerlinschiauliriouliet sirlilgreusilgnauling leglioeliatrulgmini mlininersciglierincella etruonzlir sirlerigiurenlilerlizio ulintscex viorsilleosilinz virsiellosilienz viersliricenlirriaulierrongel ulierrongiulice inlirialisilstrige silstrigerlusimlegriglioegragling greglingliural gregluinglirlisciuge inlirioelsitral elsitrarliesinenlischio ulvitriesline ulvitrienslirrighiotlistrigeonlig strinlegicaorunlice sirligiulsmlirigliasc lesiotrinscirligliasm gliasmleriontriglielinscigliorciorlin rciorlingerlingiulica sirligeunlirigliascriglio eugerlisica sirmletriensceglio ulinscezielintscin lintsceutrigliont listremlinstriglierileglieolarstrimbs ","6/8/25"
"sirlinghiurigliaslimb leuriosciutrinliagix trixleginlerio ulinslesianlinil lslinimeviorscerlica smiorlilligrigeunliel sirlinghiorigliamlir scesiarilumlicing mlicerlirscezia ulinlisialiesdrint lirsdriellineiliulinor linlirstrielineunstriel lirstrialimlegscing sirlicaurilige userlicaliorige liorigensciglio utrinliellalisciml liscemliziog liscermlerlizieringellastruonlig sirgelimlingstrica inlirioelatrulslighiap llighiapliocenctrica inlisierlinil lisirgerlimlisinsghial geurlisglirieoliniesc sirlisielscisluica inlirielsiliesica slicatliomirstrige sirlicamionliriget scirlighiotsligine inlerioelastrugine listrageorigliolinleglionleolir lirlerlistrion salibelistrioulinliziasceomril sirlicaulsligine userlichiolslegine sorleginlizierinsciullatriplir lieutrilsmligeuriellighiancl sceorlenmlirigeulid sirleusighiauliesc ulieschiolintscel scerlazioramlinlicatsrioler sirlinghiurillinslerlirio ulinslierriglap larlensciolzlusio limlinscideurlilr glatriemscigliont sirmlisigeurillielsgliant mlierinstrigeunlir mlierolstrigeunlier mlierrischiolinliziensmagliorler smargliolerilstriglatzliglio sirlighioulinstrice irlirioelalirstrigel sirleghiulisirstrielsglart rsglirrinleliulinscer linscerlinoulir sarlietruinsciulino elirrielinliurino lirrielimiergiglorrilzierinlal rinleelioelatrulgine rinlir sirlighierilspriga inlirielirghielstrica rinliceurillica inrialescirsuillighiat ghiatlolinsmierlica unlicenlinir rioligeurinlisghial sghieliceurilsischiac sirligeurinlisghial rlelioeritrullisghialt sghialtringertrile ulinlezioelisciuimpsl rinlisghiorillica entligiolintsmierliensglal ulidstriorlicaoling sielomierslicialstring lstrillingeorluriaolintscerlighiountlir sirlighioringliaonlirlesio liorscirmliaschil sirlegriuorisirliensghiancsl lisirgelineuliet lirlescineolient lietriscineonlieg sirlighieurinlica inliriolarslurrica sirlerioulitrilsmgnesghiol","6/8/25"
"Vilificazione","5/30/25"
"Impastrocchiare","5/3/25"
"Irridente","5/3/25"
"Improntitudine","4/27/25"
"Inquartare","4/27/25"
"insugnare","4/27/25"
"Scavezzare","3/2/25"
"Incanaglito","1/10/25"
"Focomelico","1/1/25"
"Garrotare","12/30/24"
"Procedurale","12/30/24"
"Progettuale","12/30/24"
"Consecuzione","12/21/24"
"Scorato","12/18/24"
"Tentacolare","12/18/24"
"Attorbare","12/17/24"
"Inesaudibile","12/17/24"
"Ingenerare","12/17/24"
"Sollimato","12/17/24"
"subiettivo","12/17/24"
"dinoccolare","12/16/24"
"emotivismo","12/10/24"
"greto","12/10/24"
"infingardaggine","12/10/24"
"meccatronico","12/10/24"
"segregazionismo","12/10/24"
"trionfalismo","12/10/24"
"fuscelletto","11/8/24"
"cordonato","9/13/24"
"congiunturale","9/7/24"
"Pacioso","8/31/24"
"Scalcinato","8/31/24"
"Tumescente","8/31/24"
"furfantesco","8/31/24"
"Inconsulto","8/28/24"
"Deferire","8/25/24"
"Vibratile","8/22/24"
"introiezione","8/22/24"
"Sacrale","7/30/24"
"Serigrafia","7/30/24"
"Vestigiale","7/30/24"
"Complessificare","7/27/24"
"Scorcio","7/27/24"
"onice","7/27/24"
"sussunto","7/27/24"
"chiostra","7/26/24"
"le lamine plurilamellari dell'anecoico sono genuinamente amareggiato dall'immensa totalità dell'essere circostante","7/26/24"
"Apobiosi","7/22/24"
"Avventizio","7/22/24"
"Dissacrazione","7/22/24"
"Icastico","7/22/24"
"Mestierante","7/22/24"
"Risultanza","7/22/24"
"Vaglio","7/22/24"
"Gallinaceo","7/10/24"
"Animico","7/4/24"
"Esedra","7/4/24"
"correità","6/28/24"
"dissigillare","6/28/24"
"Aggetto","6/25/24"
"Costumanza","6/25/24"
"Suggello","6/25/24"
"Versicolor","6/25/24"
"Frammettere","6/24/24"
"Pirulino","6/24/24"
"Tubercolo","6/24/24"
"elettrotecnica","6/24/24"
"Deificare","6/18/24"
"Manchevole","6/18/24"
"Villania","6/18/24"
"Circonfondere","6/13/24"
"Miasmatico","6/13/24"
"Piacioneria","6/13/24"
"Sottone","6/13/24"
