"cosa","quando"
"Telefono TCL","7/22/24 21:26:14"
"Cuffie ","8/29/24 08:12:34"
"Passaporto ","9/26/24 13:03:56"
"Dildo","10/5/24 13:07:16"
"Cuffie ","10/24/24 07:54:26"
"Portafogli","11/8/24 09:34:47"
"Cuffie case","12/22/24 01:08:06"
"Mitid reader","6/8/25 00:11:00"
"Dentiera ","6/15/25 07:04:21"
"Occhiali","6/26/25 04:34:34"
"Portafogli","6/30/25 23:19:15"
"Code reader","6/30/25 23:19:20"
"Code reader","7/1/25 12:37:49"
"Dentiera mezza","7/16/25 22:22:27"
"Cappello ravenclaw","8/5/25 13:51:19"
"Cuffie ","8/18/25 23:38:56"
"Dentiera mezza","8/31/25 17:21:22"
"Vaselina","9/8/25 09:55:47"
